epoch,E,Lres,Lnorm,NormValue,Overlap0
1,690.9821707495105,71781.5908356336,185.0460702768311,8.256335306642798,
2,807.364474193718,53572.64640394374,52.654402082430835,5.167881407703374,
3,923.6162675936052,41216.49340516505,17.371235428679455,3.636191485293167,
4,1007.5568484758649,32694.260984451204,6.949505547132195,2.799513733913598,
5,1054.8342916013876,27955.5144319806,3.2382496785436596,2.2733861284799843,
6,1078.506885987203,21930.978571999753,1.621512232205243,1.8813891734729085,
7,1097.3482886689092,19491.95643980638,0.7768468751152567,1.5648999627670839,
8,1115.5863691087538,16443.64544779637,0.3191119679342527,1.3109406302984472,
9,1129.1417882949968,14219.722199175716,0.09668407557039563,1.0982964663397827,
10,1144.2942761823365,11894.349840189561,0.00966219529488804,0.9153524390712195,
11,1163.346756494422,9919.463403639038,0.007165209571191599,0.7667355818673119,
12,1182.293729156218,8436.07681307696,0.05441228876678153,0.6503863183744525,
13,1193.0709315587358,7214.917448521369,0.1222297263797697,0.5505218562931051,
14,1203.679544083227,6141.702250723884,0.20203060167019604,0.4702846394406113,
15,1204.9662675452291,4989.182175183007,0.2805983632125632,0.4039432046162754,
16,1199.6490900987615,4356.658911300951,0.3552837033231153,0.34198441917916506,
17,1202.933798958626,3552.189666059672,0.4329845046029808,0.28825594836298785,
18,1206.1508432010664,3028.639327634037,0.5065795950406699,0.24823428070522158,
19,1189.5350914887604,2567.997793431456,0.5651516967067955,0.20910130079435107,
20,1188.2013820139932,2084.3297146526925,0.6255207524051876,0.17939994354690686,
21,1171.5389872195658,1770.973578066592,0.6733844526508196,0.15352139715895013,
22,1152.2364902338754,1481.8869399997177,0.7165260250677358,0.12822859445781987,
23,1148.9021379645524,1242.8305875774104,0.7599853835209883,0.10867814756568751,
24,1134.6146884360367,1028.2298455360892,0.7944546446269344,0.09288696683607382,
25,1113.6894603931012,854.1996125511257,0.8228540549358583,0.0837962096304216,
26,1052.8042242929018,721.5092498839135,0.8394293854875824,0.07412814672593165,
27,1006.9399945375458,616.2522878757837,0.8572386886851581,0.06239202308922459,
28,989.8361665998801,514.8367676351747,0.8791087183667172,0.056931641250264155,
29,928.448668183055,452.9387646383965,0.8893779292749204,0.05432900836041412,
30,852.8284006129302,384.22076216657854,0.8942936244285977,0.053602302698039374,
31,773.2823625928262,343.30948926124836,0.8956686014584535,0.05865555877750694,
32,674.7258052149951,310.0832187329558,0.8861293570204877,0.06595897805854385,
33,593.4363186754738,280.86693555871676,0.8724326306694397,0.06722372184797096,
34,541.6203339974423,245.39491855477155,0.8700715850831514,0.05871671686223881,
35,509.28088688924623,201.9254953917989,0.8860142191146028,0.052108356099822284,
36,465.98001140418864,169.0496748257758,0.8984985685757813,0.052359148274917576,
37,408.1548434968535,140.2730490954803,0.8980231838582395,0.05922791934591811,
38,355.005519923825,124.45865621825945,0.8850521077382104,0.07462502676973823,
39,316.67575928834907,111.23211605089426,0.8563188410809076,0.09453864349382332,
40,293.0139377575099,101.37483229486743,0.8198602681260055,0.11059029628063687,
41,280.3265853527366,92.3358704879162,0.7910496210701653,0.12048484643768431,
42,274.8527285880948,83.74169532466686,0.7735469053457438,0.12143108578939034,
43,270.27055801450473,75.02756557680779,0.7718833370172096,0.11770159505049,
44,268.1378704899169,68.47334808584537,0.7784504753764494,0.10711718483274765,
45,266.72737105963125,58.52075029869531,0.7972397216209977,0.09379760856407174,
46,265.9842509913076,50.26884097079521,0.8212027742441954,0.07999805991572698,
47,266.16275209303,43.451177618287005,0.8464035697588264,0.06704439857067349,
48,267.51639077156835,37.350764568572636,0.8704061542383564,0.05370502634017422,
49,267.7619496966129,29.86043672516067,0.8954741771738502,0.04218582356415215,
50,267.955947759931,24.779260654864856,0.9174079965814815,0.03217183732368305,
51,271.35185006923325,20.621308536037365,0.9366913524694155,0.026385554809361198,
52,277.54435323531266,17.716735817705327,0.9479250878838753,0.01980594469542534,
53,275.76739084148284,13.97971790348945,0.9607803860544276,0.01627936874508369,
54,280.5767876133384,12.375530550167651,0.9677062803565709,0.014922981624387249,
55,279.9530361307821,11.228097368495227,0.9703767321317873,0.01398319737009421,
56,274.7078352250668,9.915611648448483,0.9722291350685025,0.015229028563234218,
57,276.0804105952219,9.87209987501009,0.9697738661845112,0.017024540745818204,
58,266.7727709445997,9.400781790202672,0.9662407534959697,0.018538252693311864,
59,264.89678641621657,9.831228115490646,0.9632671614262973,0.020603365448281605,
60,264.4817876899696,9.817401259751929,0.9592177677712324,0.022436140436170322,
61,259.527200502652,9.735482229823537,0.9556310995253308,0.023200544012915755,
62,262.67419904888266,10.309230747314118,0.9541371772166638,0.02424387987706993,
63,259.23437748593676,10.221367638323029,0.952100005957354,0.02554450919910021,
64,258.41398978313174,10.574095375570764,0.9495635035520225,0.02457984098348196,
65,258.1362059430068,9.959594576954364,0.9514444866158093,0.0235714291923684,
66,256.58480663793154,9.44945189690365,0.953412753889434,0.022508709495592763,
67,257.14944439677424,9.04074448169352,0.9554892230119714,0.01990263667420593,
68,257.75176776581117,8.20906649977548,0.9605908415981737,0.017819834910046985,
69,255.65803219323294,7.195536569570697,0.9646778766961273,0.01586264723843813,
70,258.11429917299466,6.710124496359303,0.9685263291005349,0.013674244324092656,
71,257.3380480688167,6.076098948789145,0.9728384963096496,0.012380575585063405,
72,257.0330795546839,5.618004457512914,0.9753921274816906,0.010934527346383775,
73,259.97399081454677,5.282232082459352,0.9782505091955213,0.009818091116092139,
74,257.4498838307297,4.594758918932958,0.9804602126809797,0.009079614104377515,
75,257.2057663261562,4.178790500169833,0.9819232111835293,0.008916392163546996,
76,259.0813574173204,4.31178478448574,0.9822467177221201,0.008945294165355357,
77,255.09314824365333,4.049131880278032,0.982189429956994,0.008893961208622552,
78,258.47630276506743,4.148593374847985,0.9822911801287355,0.009197029000961907,
79,256.6095723099733,4.223615430213939,0.9816905273405208,0.010153189024019738,
80,256.23528100641335,4.483150691788048,0.979796709199318,0.010774880157701746,
81,253.31776592103222,4.46765493011984,0.9785663377270093,0.011101080108109344,
82,256.32380287488337,4.770186003842524,0.9779210737633479,0.01142940506639626,
83,255.0335399270462,5.017998935544355,0.9772718211673793,0.011952724296803333,
84,251.5695431951094,4.836766466374581,0.9762374190245087,0.012435358966614563,
85,251.6913134729826,5.067381038835487,0.9752839202193995,0.01223963096636385,
86,250.25367997166524,4.836593299155712,0.9756705466334651,0.011400221373444767,
87,250.12675349919658,4.579986067043267,0.977329522300474,0.010872052688798345,
88,249.0181497305637,4.442663575916498,0.9783740961520714,0.010542394427564935,
89,249.03614657647344,4.273239596624143,0.9790263532251365,0.010004887530745677,
90,247.10401274595412,4.1397326559742345,0.9800903227130114,0.008138461148822109,
91,249.06914684134898,3.7828637373618372,0.9837893122522267,0.007509003374447452,
92,247.38635301083377,3.4756476595017514,0.9850383783827825,0.007309553378917149,
93,246.12175913362165,3.4744421627757354,0.985434322812765,0.006719037854688694,
94,245.7134467819184,3.1764276837225864,0.9866070697603152,0.005998053449308292,
95,243.98520530031558,2.950570893564319,0.9880398697465642,0.005272017638965662,
96,245.63614781536268,2.8135686718099606,0.9894837588920542,0.005647864972714935,
97,244.038922922162,3.0054284112814615,0.9887361684333201,0.005486743216634107,
98,244.78852795995633,2.8731384660909756,0.989056617917857,0.005820622353227275,
99,240.677378768371,2.9974078319774624,0.9883926349381245,0.005407763619345582,
100,240.84108477722992,2.9065733851662054,0.9892137166686715,0.005562122098012648,
101,238.02550575273327,2.9179833930306107,0.9889066930062079,0.00535664499261562,
102,237.14147793774558,2.8302094437384206,0.9893154036603458,0.005868370376267808,
103,240.47818948643527,3.0889614420433684,0.9882976970183374,0.005922877871638393,
104,235.0013541110631,2.9493380690059894,0.9881893247390056,0.005644450473137614,
105,234.60624191012553,2.987346614856982,0.9887429588748684,0.005941475081126874,
106,232.83200246353883,2.9624288130020675,0.988152350963886,0.005413744366168548,
107,234.26965190964785,3.09363943123094,0.9892018198957251,0.0054969208888300865,
108,229.29895097812448,3.045253200865876,0.9890363743615977,0.005509679188652193,
109,236.8764682623143,3.2193250920047873,0.9890109981874575,0.005768261410041003,
110,232.73474278976948,3.291359941569899,0.9884967500196125,0.006098979130774073,
111,231.4156855303306,3.3592234559584675,0.9878392392848895,0.006583983914838906,
112,229.02589579867183,3.522979111946798,0.986875381014513,0.006546687890722385,
113,227.64642950149522,3.522132541012067,0.9869494833408936,0.00566974554716348,
114,225.88216703705328,3.3501341965609006,0.9886926549202426,0.005513559425138148,
115,223.4698949185222,3.306733833922346,0.9890032804872584,0.006348457944367216,
116,222.5398037472707,3.554532412889131,0.987343387029537,0.006209136255303569,
117,218.06769875908157,3.4813676994781937,0.9876202808624297,0.004731592668901076,
118,225.0100825949265,3.339854769766717,0.9905592026313822,0.005586048293998544,
119,219.1604909724635,3.50343426109809,0.9888591073475458,0.007093578370956274,
120,217.57315194774455,3.8989680104691304,0.9858631621121924,0.006221180101924151,
121,216.39501482237603,3.7653963217928337,0.9875963428780122,0.0054830090770176506,
122,212.21492806345273,3.7456866056379434,0.9890640452345034,0.005879288198036432,
123,210.29653200765844,3.7352900063234613,0.9882759896336427,0.005211123544554016,
124,208.88349961290362,3.6138878229893345,0.9896049087194886,0.005189359985419747,
125,203.92358363340676,3.6125661849218655,0.9896482094862189,0.005632862076949627,
126,205.58559228014002,3.887549443099197,0.9887660049812788,0.006038377000985795,
127,201.03817073023436,3.907498992636739,0.9879597079948346,0.003967395810950897,
128,203.64319082554462,3.503318500053795,0.9920809486076191,0.00518385486098908,
129,196.63521254799593,3.783472736443197,0.9896591626292417,0.006175044237347827,
130,198.91828719613395,4.216827161288355,0.9876880426966376,0.0050601744079931486,
131,196.83110328440023,3.975249936232962,0.989905256549053,0.0059301124669369435,
132,190.1107670270036,4.2374981407837495,0.9881749412999966,0.00451905197191642,
133,194.2093591927513,3.845329145429356,0.9909823178868922,0.005544033807390826,
134,188.15259690252088,4.082439034519494,0.9889426686960757,0.005624706899371364,
135,185.84951974868372,4.237583742075583,0.9887822235289612,0.0058844961504464265,
136,185.75852036754458,4.449052577605658,0.9882656349940518,0.005679488122604825,
137,178.72222293731744,4.162572652692878,0.9886732803401252,0.004077762883094947,
138,190.9470754913698,4.121921122414366,0.9918611023839409,0.005984648102624948,
139,186.5593648028598,4.792552914649815,0.9880665198076622,0.00884315162467459,
140,182.0223481846699,5.112789298179059,0.9823918980813077,0.006845583452602593,
141,178.17483797254266,4.706694909658955,0.9863556951076015,0.004675715327131381,
142,179.5505966073306,4.4700982818208885,0.9906704316595576,0.006929037857228587,
143,179.41218181960633,5.060961641481017,0.9861899358511699,0.009762746026640744,
144,172.66166896106614,5.302787015116831,0.9805698191566993,0.007339915342526462,
145,170.65187800896993,5.224676541205288,0.9853740436721826,0.004577214206794038,
146,169.50095782062692,4.438923227802765,0.9908665224763068,0.00670588892581852,
147,167.7420879088836,5.216197346314409,0.9866331910946484,0.010674099523669454,
148,165.0374350844892,5.790916485827936,0.9787657373533022,0.008717289997062897,
149,162.16957796320705,5.418514136726504,0.9826414111507671,0.0045562750498781895,
150,173.47434543144584,4.9661260581191415,0.9909082095425737,0.00527341315106618,
151,166.49638328489053,5.1072923289152,0.9894809825841294,0.011140704752945662,
152,161.29668858760382,6.189991596489632,0.9778427057965009,0.01198849788535177,
153,157.96158650099923,6.541164237505518,0.9761667283108436,0.0070611967959676065,
154,149.50198432465052,5.22171836144288,0.9859274669082562,0.00634348401160082,
155,147.07928919390065,5.207769191448033,0.9873532717662039,0.010297909515925102,
156,150.0886185461747,5.91173234188504,0.9795102279085479,0.008817731768843855,
157,144.42814127214618,5.5949657567067295,0.9824422888558596,0.0047818678584535534,
158,170.4615538976999,5.135004943681114,0.9904591305433086,0.005322174100329609,
159,173.57724655547943,5.639908571729921,0.989383977336495,0.009748931226271663,
160,145.95475321005122,6.191828990621142,0.9805971792075113,0.012116760557397736,
161,144.63231991895591,6.4323503331753,0.9759132947716098,0.008774720252909934,
162,145.6812965988641,5.985986399628263,0.9825275552096969,0.0060357439246933806,
163,142.00334952161498,5.249552766266568,0.9879649423553376,0.008070663935186146,
164,133.19172024021339,5.411489867936145,0.9839238077459823,0.01165258404816305,
165,136.9969179322131,6.1369301465529995,0.9768306146186734,0.009372569394143267,
166,132.86149378173712,5.861114450065233,0.9813427062687616,0.00579403351401337,
167,145.94066880035624,5.366297547345294,0.9884455037963347,0.006719743886485017,
168,145.98627261075475,5.6512677390744255,0.9866056671849299,0.01176506224697469,
169,135.86256455220013,6.253282572759604,0.9766082921957258,0.012781538179249558,
170,131.58133767363933,6.101658830125624,0.9746002913597285,0.008565784357768287,
171,128.3876055800519,5.730591263941619,0.9829418039461271,0.007362771360995566,
172,125.60965598727704,5.231810913009502,0.9853286676801231,0.010535475894118188,
173,122.02757469023966,5.815246278763679,0.9790400444640792,0.009963536255725297,
174,118.37643735166259,5.556752148931567,0.9801721995432685,0.00705615809654763,
175,129.26104520560523,5.447482995849221,0.9859374731739883,0.00830557088254661,
176,128.81884255091077,5.709562236423717,0.9834578407425919,0.012982535880538118,
177,122.97179628885532,6.401719620682632,0.9742034744768132,0.012618205839268683,
178,118.20570160300399,5.996984053221527,0.9749228074400649,0.008001519743088872,
179,121.44893301005871,5.347076728222766,0.9840609848320214,0.007975652358249454,
180,118.44952369187052,5.275725494730025,0.9841123063140407,0.012122978615152494,
181,111.65107088881398,5.687227477884999,0.9759010093801983,0.011291754143062967,
182,109.9372817510987,5.7070286432151995,0.9775439954255015,0.007406149071778794,
183,119.72687318518895,5.277144112978938,0.9852425529005158,0.007778889507522602,
184,115.14114449198297,5.195201097086876,0.9845027321069251,0.012611850416469492,
185,110.78249861864103,5.603958924516764,0.9749353579379884,0.01318154235993547,
186,108.95291099114786,5.678833560345312,0.9738106683391158,0.009045191417978889,
187,104.09663127083748,4.994779312518748,0.9819914326518301,0.009068832794259647,
188,101.50113378111006,4.961096106449929,0.981944578139731,0.013243861952335411,
189,107.44611740368155,5.671168838679398,0.9736876759747417,0.012417815819165517,
190,105.88596645315403,5.364771555526307,0.9753185705113876,0.008176537631001528,
191,102.53360682924813,4.954898764355558,0.9837137805056281,0.008554902882380795,
192,99.05355585843701,4.705366182052959,0.9829633805985654,0.013086685942558018,
193,102.66755338200748,5.323418900085802,0.9739978894638431,0.012718859603812797,
194,100.17740324930062,5.330809161597156,0.9747240501819959,0.008355225114148695,
195,97.53777245819678,4.624528010080985,0.9833593595584108,0.008452057963462146,
196,95.54052779300422,4.522392920325842,0.9831673213568934,0.01261231074943646,
197,97.70536906576761,5.1791696379462095,0.9749344488835674,0.01233435436202602,
198,95.83110039740404,4.945170001482343,0.9754834275734761,0.008404852914947244,
199,94.34384095587947,4.507227844493182,0.9832609357226275,0.008521237760863611,
200,92.11079323690397,4.422491263192601,0.9830301359712499,0.012372063737368046,
201,92.8882411456129,4.803562961569432,0.9754089404863853,0.012014478296538351,
202,91.05020823070085,4.552149392985833,0.9761153910956613,0.008362316188165577,
203,91.15066190991726,4.377364184529325,0.9833452959556996,0.008684525126726524,
204,88.70917697827997,4.160383784026982,0.9827063707232236,0.012635896943468575,
205,89.74479037171736,4.711161418110711,0.9748878720046288,0.012312617485471833,
206,87.87809081472015,4.553814235485278,0.9755263655783999,0.008562332644856554,
207,87.01405555797051,4.0244233396911735,0.9829486482506081,0.008809518938231961,
208,84.81893100215463,3.8117634633319266,0.982458569747459,0.012822732765255359,
209,86.85390804892572,4.7471110736773685,0.9745189569450584,0.012693153858068731,
210,85.42221314391705,4.38110559828446,0.9747748084387272,0.008996664570709844,
211,82.74981453382935,4.134729826842029,0.9820876108319783,0.009086601978229792,
212,80.96417650757797,3.856414866050131,0.9819093623790512,0.01282832056378373,
213,84.20304577075457,4.287613991570895,0.9745079246809198,0.012631705556048723,
214,82.63752032948527,4.537384684685282,0.9748961488731572,0.009070769682830895,
215,79.303351054399,3.639108951416225,0.9819407394969771,0.009248328265914846,
216,77.56744767436419,3.790558361262663,0.9815888750438845,0.01282836354699434,
217,81.75275301306566,4.274881363319862,0.9745078398173052,0.012530074903081423,
218,80.1739729401048,4.15383199309913,0.975096852970914,0.009042878606741878,
219,76.21278794403969,3.632627591015715,0.9819960164400124,0.009199324875980672,
220,74.6438182021896,3.6904552439532345,0.9816859778262126,0.012693170560784178,
221,79.15420004387539,4.072511979158546,0.9747747754573167,0.012351208620551979,
222,77.46528451858049,3.8445399751287086,0.9754501351132845,0.00889826571556186,
223,73.73840660252729,3.4920489435144773,0.982282647701621,0.008982446761532223,
224,72.22456669174991,3.4939261310691085,0.9821157908267593,0.012393930785250714,
225,76.16608499474695,3.8991949432502744,0.9753657479498081,0.012163926418606256,
226,74.46065114116033,3.8015020594915314,0.9758201082687047,0.008855202467428524,
227,71.74972264025185,3.3759830668816875,0.9823680096758821,0.008842450985620686,
228,70.53322333809564,3.3647947520625583,0.9823932869681918,0.011984627825757828,
229,72.7545853315379,3.551669070000692,0.9761743756526063,0.011760582170452916,
230,71.2692844513804,3.3996278479549025,0.9766171469520821,0.008678879178680612,
231,70.1771330316299,3.4310648246527844,0.9827175645864369,0.008752915992730995,
232,68.94266422188917,3.0736800520537804,0.9825707815529139,0.01184961128557184,
233,69.76869617942712,3.333792186617926,0.9764411907164755,0.011706548843506213,
234,68.50245157593882,3.43442258884601,0.976723945598813,0.008737922372066383,
235,68.34442817545418,3.0905588762014236,0.9826005065432475,0.008849442180912112,
236,67.0357384378025,3.039879623191618,0.9823794282650891,0.011868517314668262,
237,67.42527540539486,3.320740994226494,0.9764038270739119,0.011664012045167503,
238,66.34559556118093,3.4113079633117303,0.9768080250866548,0.008729423219624126,
239,66.34042811159003,2.898594471064934,0.9826173563904991,0.008887896873434366,
240,65.16465218313301,3.057263309383829,0.9823032009639641,0.011908445247857584,
241,65.35352651943352,3.2773430086947775,0.976324920572506,0.01169454645858328,
242,64.40178365234057,3.2330832491735877,0.9767476694997055,0.00876928936397709,
243,64.42246968938852,3.045427663223016,0.9825383217079949,0.008895400080521252,
244,63.38474148974307,2.799970142459933,0.9822883279815501,0.011831665473333235,
245,63.506210577096525,3.0539498897229027,0.9764766573612064,0.011664232359877874,
246,62.72435491521611,2.9690575763624167,0.9768075895967894,0.008883578843822482,
247,62.31450674726025,2.9601183733841516,0.9823117602854294,0.009054920003279352,
248,61.237730953155314,2.860249855482306,0.9819721515697071,0.011926919815294557,
249,62.14286730999648,2.963708837904264,0.9762884117856913,0.011769360795611795,
250,61.153155086538995,3.062236275533821,0.9765997962623137,0.009010715190831868,
251,60.3610874032208,2.840754398886989,0.9820597626065866,0.009145763203756348,
252,59.04983226194222,2.720381246576837,0.9817921185770664,0.011993613197244275,
253,60.71962626696743,3.0519861070954835,0.9761566203630366,0.011882315831752442,
254,59.57437957176421,2.8481109787066314,0.9763765577660206,0.009161301396959379,
255,58.26957886929433,2.6199756505497254,0.9817613266493672,0.00924588369038906,
256,57.01707838731886,2.510392219538489,0.9815937189844381,0.012004600755649528,
257,59.09397651406513,2.8244276562100916,0.9761349089280034,0.011862763714613506,
258,58.213884986025235,2.7778037987988693,0.9764151977337218,0.009244926436931257,
259,56.06701632423683,2.580655891526023,0.9815956157909617,0.009342163787764604,
260,55.307405243894465,2.6457412425704536,0.9814029484487081,0.011840071763703516,
261,57.74471101592264,2.978193529803916,0.9764600437719626,0.011646978479527063,
262,56.37357619526089,2.621772020838738,0.9768416951486484,0.00911848612389552,
263,54.95042180350826,2.473211493647727,0.9818461745414006,0.009168230335051847,
264,53.83618512406918,2.4485407968446533,0.9817475957773728,0.01167495025419437,
265,55.283810115683195,2.835252920505763,0.9767864039550491,0.011450343720106736,
266,54.586381969546835,2.613828187889273,0.9772304229310951,0.0090669711719811,
267,53.259949808330944,2.4019576329386707,0.9819482676222714,0.00927849113964619,
268,53.03262020647767,2.438902932083691,0.9815291081185361,0.011318393423708422,
269,53.8107638073069,2.5699473820967222,0.9774913191822769,0.011392571386625604,
270,52.163818218141,2.602043365660667,0.9773446479095481,0.009068248923679627,
271,51.86400021966663,2.372900555501698,0.9819457352911826,0.00927876033256427,
272,50.93116178679844,2.5152180739052294,0.9815285747281807,0.011632761484060766,
273,52.2959857962582,2.508305074861198,0.9768697981716234,0.011396142859381734,
274,52.203676363317015,2.4160720766365182,0.977337586353308,0.00939415944082491,
275,49.68887756135815,2.449985612517367,0.9812999313499499,0.009396886076666333,
276,48.75588106471356,2.1540213948611404,0.9812945293146051,0.011622137057852141,
277,51.47492784906844,2.418907494623445,0.9768907999540873,0.011279397780598447,
278,50.98671610238586,2.469934992026534,0.977568429253096,0.009359329058310977,
279,47.629583324994776,2.1673692637062287,0.9813689389237998,0.009828133282460556,
280,51.270202120357446,2.3537043288379995,0.9804403256388967,0.009915290673643839,
281,48.184062099998854,2.0998997156014774,0.9802677316418552,0.011477040976092829,
282,48.990220967843875,2.4535080176527817,0.9771776405173813,0.010572579116268447,
283,45.71756184278827,2.2308628939980655,0.9789666211966329,0.008654394586311911,
284,61.888392685714095,2.5170727763366108,0.9827661093730318,0.008825603503560401,
285,65.34008782012883,2.7379230264500105,0.9824266842700812,0.01073294764650057,
286,52.6830038271887,2.610091116976461,0.9786493008721814,0.012564329726953406,
287,48.18441310990994,2.4656873444447536,0.9750292029275808,0.012648462973254507,
288,55.472338558481205,2.8896844662780943,0.9748630576690768,0.013297940107626109,
289,48.941166919864244,2.4031440741885257,0.9735809549958538,0.013703700098528946,
290,50.9897304238117,2.701099576412242,0.9727803911993326,0.01316363331193314,
291,51.75273082842969,2.9863661119013707,0.9738460146181047,0.013690464152086319,
292,50.77028564935652,2.833435503129476,0.972806500504527,0.015882860421084243,
293,46.49664577813023,2.980674343651576,0.9684865444129872,0.018076668969549084,
294,52.711408888712846,3.4076318869239013,0.9641734280219365,0.01867089239617058,
295,52.439818809780604,3.4211338077891877,0.9630068174305282,0.017831741828841216,
296,45.731294597466125,2.914409593283639,0.9646544873589681,0.016898298951833042,
297,45.553736945256595,2.8746343364545366,0.9664889546037995,0.01756571394691948,
298,46.17689565246339,3.07474329788875,0.965177126412626,0.01791091866653455,
299,44.049867490419125,2.89077399512071,0.96449896367441,0.016955177695133997,
300,43.79168403762186,2.8715534433271066,0.9663771226604055,0.01765499041190628,
301,44.23958698772769,2.9529673271283716,0.9650017178626319,0.01633602201613059,
302,42.56402021171648,2.7323977985364536,0.9675948215830503,0.015534352366317169,
303,44.871509301093646,2.8383685583801554,0.9691726113708066,0.014551805627575283,
304,43.165838614420686,2.7331016398380155,0.9711081437918722,0.01582581969832613,
305,44.03925412106452,2.758742389269274,0.9685988171724718,0.016279581261556438,
306,41.104605699895885,2.557286553252777,0.9677058622429386,0.014245925073200296,
307,44.79302403936852,2.6286734701007317,0.9717110962347906,0.015059441462964653,
308,42.733278783170356,2.6217818986632437,0.9701079038512471,0.017196459823901517,
309,42.10062316990259,2.5862183688012115,0.965902798582672,0.016650318903154493,
310,43.61773994122678,2.826775489134721,0.9669765953132677,0.016491274620482114,
311,39.41314869213118,2.625896741990555,0.9672894128976438,0.016418688577878936,
312,40.79391611464165,2.4476487750541747,0.9674321961788594,0.017578381174117495,
313,38.93260239517281,2.4959009412417554,0.9651522371364676,0.016894874034759137,
314,40.03082284733856,2.6218979318034727,0.9664956886991322,0.017778797006674764,
315,38.58356573093681,2.606199886256624,0.9647584916096551,0.01620895276975615,
316,38.460857767426404,2.456909831144447,0.9678448246103798,0.016984049938126515,
317,38.44833846372092,2.5684985016748416,0.9663203580760478,0.016635071667669955,
318,36.111605627158696,2.242757323688144,0.9670065822740486,0.015871266032103964,
319,38.7060599708075,2.3717156654719727,0.9685093650212538,0.01715153893205969,
320,37.03413778409701,2.439911475941483,0.9659910974236187,0.017316060326696442,
321,38.492652323664515,2.3842692134063985,0.965667725291845,0.017234182572568386,
322,35.02050542580733,2.3232039211468045,0.9658286519038078,0.016081570812044182,
323,38.62940679480522,2.574554215495782,0.9680954752956944,0.016869929336391257,
324,37.50351553590498,2.559010391408764,0.9665447358430322,0.01933998709176548,
325,36.805012918488686,2.5945820352610784,0.9616940609171788,0.019829449218297428,
326,36.20173979078484,2.593385188114379,0.9607343086197062,0.01905011903891907,
327,34.65020754615103,2.576189469541771,0.9622626689575589,0.019758305770885005,
328,34.88733296067795,2.643249497220797,0.9608737791051658,0.02161254390378705,
329,33.76122802143395,2.4454503955973017,0.957242014246419,0.021117246338184965,
330,34.19383321347402,2.5746152168610936,0.9582114454165376,0.021569217188065582,
331,32.56824072932123,2.5349250125707594,0.9573267967539748,0.020728087157440574,
332,34.17317557403241,2.6154421601488487,0.9589734792823253,0.021443357535473703,
333,32.72100393598748,2.4547346284530356,0.9575731025114468,0.022023982800860202,
334,32.11806126730898,2.6433022988487163,0.9564370902166923,0.022192199599595744,
335,32.39697580454946,2.682060680180033,0.9561080945238768,0.023810924559082215,
336,31.854761553121023,2.552136850196356,0.952945111010194,0.02298963790282163,
337,30.034499237560432,2.3802559945074524,0.9545492476452596,0.022451779809853335,
338,31.155117011059748,2.682294055175722,0.9556005227969234,0.024689379233816693,
339,30.739695313170202,2.7046271691197257,0.9512308069793179,0.024593960963861905,
340,29.15430798354159,2.702791090637647,0.9514169409881682,0.023702703045364818,
341,29.128557054325224,2.7928051668680087,0.9531564120409272,0.02494152067456337,
342,28.654552211237565,2.5097366365373746,0.9507390381044329,0.024901885999872683,
343,27.81878811518755,2.553942959902615,0.9508163319266054,0.02675500200263938,
344,28.770299436241658,2.6937337137075414,0.9472058261268825,0.025451741617960703,
345,27.205579147338103,2.547691351376666,0.949744307915466,0.025258606248189756,
346,26.473329962041205,2.4784489472605022,0.9501207846932216,0.027054881201166937,
347,26.64923327969914,2.650105012011245,0.9466222041944754,0.026380682159609557,
348,26.624331589385744,2.3421593874130417,0.9479345760719873,0.027630495748165694,
349,25.451103999128787,2.517439670596107,0.9455024527989581,0.028368612881469104,
350,26.333536405695337,2.7521588127278136,0.9440675524338805,0.028609327521521392,
351,25.303568336142618,2.3559242041548285,0.943599838578191,0.03159508996755427,
352,24.686468994530486,2.619861235803036,0.9378080697749493,0.03222600514884062,
353,25.030103771227886,2.756187810958614,0.9365865051101718,0.03384016866871908,
354,23.755346365128307,2.5475443216283855,0.9334648196780891,0.03353209794252217,
355,24.505670042510964,2.598998212823295,0.9340602057073825,0.035299660861260324,
356,23.095384674346757,2.4892254901212727,0.9306467443343993,0.0385738910402965,
357,23.800356247739966,2.843065620203839,0.9243401629893956,0.03829889106658277,
358,23.523789426916167,2.803012075073114,0.9248690229237644,0.04209414335384207,
359,22.088466559831694,2.716128732052013,0.9175836301970096,0.043567463910771695,
360,23.0926179740961,3.0688574510190563,0.914763196090073,0.04509815784238159,
361,22.11784975917745,2.912413074618429,0.9118375281560132,0.05081600560802535,
362,22.00990001168952,2.973836703605661,0.9009502552099041,0.05541215831136776,
363,21.897706834957223,3.1100047730792517,0.8922461906659884,0.057565457814874564,
364,21.438049386039843,3.094407797341062,0.888182866303687,0.06394601606315861,
365,20.97519863214348,3.29291683126746,0.8761970608440325,0.06771044443653373,
366,20.93543501048025,3.442334087986792,0.8691638154127255,0.07676893517710787,
367,20.741152052942017,3.83386117915106,0.8523555990540111,0.08222595344276429,
368,20.421199987335427,3.7142255710321193,0.842309200534043,0.09685029724712874,
369,20.83238289244372,4.458568007533575,0.8156793855825997,0.104464455452855,
370,20.348966514411927,4.3699694265194795,0.8019839115473516,0.11730743076818162,
371,20.102933941586866,5.188832001857943,0.7791461717770685,0.1339338211018607,
372,20.3520271932717,5.3861221165064315,0.7500706262312238,0.14714224603374945,
373,19.93990358740378,5.635105003062759,0.7273663485003575,0.17519226048689632,
374,20.382675206137296,6.845343728539889,0.6803078071607159,0.19689230513508518,
375,20.09019397397398,6.639121758314781,0.6449819695512372,0.22949898495500326,
376,20.015548053823522,7.985012739300142,0.5936718141853702,0.26158188303357993,
377,19.76653745874773,8.403211200242302,0.5452613154642337,0.31696994060092903,
378,20.059381820861315,10.351281177125779,0.4665300620426985,0.3498262443792819,
379,19.755796070539322,10.566757499066526,0.4227259124979493,0.3847522185725707,
380,19.645022622639534,10.638276220744233,0.37852983255137385,0.44421570885764794,
381,19.872111528685398,11.949407965439926,0.3088961782806068,0.4788112752148518,
382,19.541670076371247,12.13748046682846,0.27163768684316897,0.4948123166335555,
383,19.290007209671323,11.262390417143017,0.25521459542515496,0.5670402159726384,
384,19.353200275911973,12.259649791556786,0.1874541745850196,0.6397220725582822,
385,19.13064992680672,12.957663617062032,0.1298001850016997,0.6784673700539035,
386,18.83132448653979,12.665065634839841,0.10338323212005346,0.7132615119274681,
387,18.707331001098584,12.624930497477596,0.08221896054212151,0.7267306482573206,
388,18.600294037354562,11.610964916748836,0.07467613860186424,0.7236422608205303,
389,18.421613910799085,10.643169842735922,0.07637360000438781,0.7911237017721072,
390,18.43921254993174,11.36468173179504,0.0436293079613876,0.8552336562169204,
391,18.50369960690442,11.867780493673699,0.020957294292320794,0.8427269185636175,
392,18.487155617948396,11.084254750692077,0.02473482214449501,0.8035581366472169,
393,18.33264282071773,9.252777391450081,0.03858940567751352,0.8419991797500321,
394,18.325600269357636,9.802689914601725,0.024964259199662657,0.872882377794888,
395,18.418802573329817,11.268528740012105,0.01615888987508159,0.8548498004017088,
396,18.314485088770407,9.475644961386699,0.021068580443423784,0.8796646916367155,
397,18.113604951759456,8.711344114286444,0.01448058643888678,0.9241039803288815,
398,17.818620814050956,8.380514891243608,0.005760205801918802,0.9189483269727885,
399,18.04883035994146,9.339779574651578,0.006569373700510004,0.8869609302697473,
400,18.004196508861824,9.326311535142406,0.012777831285480929,0.8608421891917308,
401,17.890602892326225,8.315123192675957,0.019364896308950035,0.8658536354970421,
402,17.705350752779736,7.414164509475236,0.017995247109360447,0.9036758539432916,
403,17.644885349056555,7.5532607756849846,0.009278341113554085,0.9491710271300539,
404,17.482492485374294,7.711842250489359,0.002583584483013721,0.9459138947155845,
405,17.291296250819816,7.598866500589011,0.002925306784836877,0.9109602476775293,
406,17.175721633149927,6.47639797771481,0.007928077493646934,0.9195964504784535,
407,17.407767257814744,7.529887395430208,0.006464730775663779,0.9377094069471097,
408,17.100029445693472,6.868298158614406,0.0038801179828807865,0.8958774249981917,
409,17.39202873561778,7.238868779258669,0.010841510625007201,0.8814537044702829,
410,17.09432970588192,6.1910638928521875,0.014053224183819019,0.9497242632363098,
411,17.13337620912521,6.651131690163527,0.002527649707131874,0.9958089398731318,
412,16.82880419913055,6.477583734573519,1.756498498702455e-05,0.9327538949855716,
413,16.98650478605678,6.392451376624821,0.004522038639611533,0.8837815007776622,
414,16.707516447984165,4.765172972114065,0.013506739561492542,0.9349890281109261,
415,16.833439682489317,5.852309401287278,0.004226426465961957,0.9859413386717005,
416,16.500994428637064,5.693914558201062,0.00019764595834382304,0.9768966649187504,
417,16.38603195989335,5.108441344401331,0.0005337640918764994,0.9396212997556752,
418,16.352006742211408,5.119327794783523,0.0036455874431940267,0.9260536244009184,
419,16.17949872437543,4.489138343417036,0.005468066464240446,0.956828780712601,
420,15.98997236484253,4.215046426474599,0.0018637541747606894,0.9709427492029691,
421,16.03641699518906,4.508389703698141,0.000844323823881554,0.9595829736149886,
422,15.894383868258604,3.962544933670125,0.0016335360218067104,0.9447298484252713,
423,15.94528624800027,4.499158482533308,0.003054789655093485,0.9418263794911678,
424,15.849411716871433,4.450538239746013,0.0033841701231056265,0.933404453937102,
425,15.732064745100873,4.2667043224018615,0.004434966755415565,0.9360277402499386,
426,15.681063533676591,4.319497030226309,0.004092450017529323,0.9602526118076509,
427,15.42506356954733,3.3355106269804393,0.0015798548681132951,0.9822588705043376,
428,15.473579038968877,3.9611617399634556,0.0003147476757818632,0.9581586732060718,
429,15.293081591174163,3.416885564238677,0.0017506966278762904,0.9339703980999772,
430,15.252055277212902,3.283800753025176,0.004359908327075498,0.9619550139621226,
431,15.271233654504805,3.7074644138974713,0.0014474209626222883,0.997644709884936,
432,14.979423317217515,3.750241529510668,5.54739152611804e-06,0.9248036154462969,
433,15.036185815522757,3.5243905650060925,0.005654496249948405,0.9084409465571749,
434,14.918817290933717,3.1315453284501045,0.008383060267346105,0.9957846337048892,
435,14.683233201502617,2.8561910044559204,1.7769313001955875e-05,0.968473386164474,
436,14.741046257968831,3.3661293104054444,0.0009939273799343805,0.9386763500450266,
437,14.729061417474844,3.224796608837817,0.003760590043800111,0.9565711195531441,
438,14.557413664500977,3.039760531156318,0.0018860676568673018,0.9764256066746919,
439,14.399356251592494,2.7757690850042525,0.0005557520206563303,0.9588258280407211,
440,14.300930763005624,2.8860367694263416,0.0016953124365322657,0.9621470431286752,
441,14.581981142875474,3.5235685914818484,0.0014328463439023784,0.9747806235727208,
442,14.330094812231504,2.8886343118997866,0.0006360169473808071,0.9632176991366376,
443,14.358224604314554,3.2248191805896824,0.0013529376568029124,0.9637946292482384,
444,14.258233739720291,3.2898767366187847,0.0013108288712725112,0.9796961343023995,
445,14.044074360856133,2.9989420397819915,0.00041224696226619637,0.9416665188527019,
446,14.123747130841052,3.071405211339361,0.0034027950227621807,0.9356954495364453,
447,14.060562698326615,2.9684567045294186,0.004135075210319847,0.9884796287644296,
448,13.85271518997421,2.8430555796703807,0.00013271895340535717,0.996991463194641,
449,13.870948561444393,2.9589194286886604,9.05129370919945e-06,0.9636256099043772,
450,13.74619894594538,2.6292190671687026,0.0013230962548285436,0.9464589411823245,
451,13.769394709288955,2.792634285780914,0.002866644979317783,0.9752103217893793,
452,13.638028286947273,2.529727628785246,0.000614528145786124,1.003683731678,
453,13.631193114342524,2.72846678413688,1.35698790755012e-05,0.9806181924853643,
454,13.55886558103237,2.6208443477465826,0.0003756544625343887,0.9284947900955277,
455,13.407168863526202,2.1883320329109597,0.0051129950434826415,0.9710360477465118,
456,13.5351062354497,2.782592858051376,0.0008389105301423468,1.018608723225539,
457,13.274075308359139,2.304227915785706,0.0003462845800847135,0.9708237610258602,
458,13.307260032706521,2.2777394882403517,0.0008512529206761136,0.9400300781628748,
459,13.324696438506221,2.3910986826554192,0.0035963915251509106,0.9739943682680837,
460,13.077051407110487,2.181167120952521,0.0006762928817760508,1.0015928635054832,
461,13.340489008062953,3.3599797177751305,2.5372141471000856e-06,0.9919542453694135,
462,13.291734087001693,3.4781996239093833,6.473416757560481e-05,0.9517104509064561,
463,13.236591700718263,2.7443636163667895,0.0023318805516577847,0.9604632155862458,
464,13.133848882240969,2.570159842530593,0.0015631573217796762,0.9944291835020378,
465,13.02826680018527,2.5127483169450295,3.103399645396789e-05,0.9793958316697758,
466,12.891484197089401,2.367281382229391,0.00042453175258021225,0.9503293621868267,
467,12.88187864052308,1.9919860832927012,0.002467172260767438,0.989815969881779,
468,12.783692779362644,2.0367999663356082,0.00010371446944883242,1.0236159334580304,
469,12.680417019255511,2.056614423949386,0.0005577123130941183,0.9667456140246808,
470,12.632970750435778,1.8249660481297263,0.0011058541865955035,0.9554201238148483,
471,12.768412113639183,2.192166972088681,0.001987365360683455,0.9960588083774464,
472,12.577442040272583,1.75305493507084,1.5532991405686478e-05,0.9824888791963218,
473,12.630624006465888,2.1237866043731923,0.00030663935180101236,0.9734911563691515,
474,12.442576387598585,1.6792382119101195,0.0007027187906447765,0.9812762696044339,
475,12.523536872310416,2.33794627435548,0.0003505780799258449,0.976267864547339,
476,12.418809145248197,2.259745166969358,0.0005632142531434469,0.9773803795242144,
477,12.29312395088364,1.9821262662386914,0.0005116472304685785,0.9980889537462997,
478,12.26350567322184,2.1053996347894612,3.652097783781991e-06,0.9776015629925956,
479,12.158213481507234,1.5532250540190875,0.0005016899803746631,0.9623037842634105,
480,12.245269962934897,1.884743492567931,0.0014210046808595012,0.9964645890713908,
481,12.187015440122781,1.715322305980066,1.249913043412941e-05,0.9947879884261299,
482,12.161178213432077,1.545132940319579,2.716506464615566e-05,0.9535972985973182,
483,12.182590166635048,1.4349420695889927,0.0021532106974664444,1.0039424369609489,
484,12.077235372203422,1.4756155173105039,1.554280919105576e-05,1.0093932812521458,
485,12.00949502104522,1.50239661335126,8.823373268191338e-05,0.9434730025754486,
486,12.10898163146599,1.7515330080415827,0.003195301437835236,0.9621113506271497,
487,11.919673244368813,1.3604406120352712,0.0014355497512987896,1.0496678523903422,
488,11.817540033331868,1.3738555832181638,0.002466895561068823,0.9110295083208666,
489,11.94439267124665,1.5346206123687918,0.007915748389626746,0.9235784845915811,
490,11.822330410327359,1.5142207060973343,0.005840248017319208,1.122244758935716,
491,11.667704218128128,1.692861162131092,0.014943781087251334,1.04916028159808,
492,11.714123372527935,1.7385659708041845,0.0024167332868025287,0.863434349836586,
493,11.820590495511476,1.4701532767186198,0.01865017680455599,0.9178886168520737,
494,11.76272829255939,1.6276480803734397,0.006742279242465558,1.052527140123104,
495,11.63658784806116,1.6386167246917998,0.002759100449512202,1.017562298132872,
496,11.692386324373135,1.797182335103658,0.00030843431570788015,0.951311381102443,
497,11.645132445623318,1.5375227468114945,0.002370581610151549,0.960872371716137,
498,11.568867255097462,1.4546019282724543,0.0015309712951201526,0.9895143415670681,
499,11.521668488814736,1.671408026271751,0.00010994903277211632,1.0060809534771937,
500,11.47632446097817,1.6894813659644532,3.69779951917945e-05,1.0071713510020328,
501,11.429712443770827,1.6352061167481875,5.1428275194357e-05,0.9788727576591794,
502,11.38391054367946,1.6230455166438853,0.0004463603689277644,0.9548213132294273,
503,11.379875429256503,1.4473328586688203,0.0020411137383135195,0.997081961935014,
504,11.37858847528267,1.531738249563118,8.514946148707404e-06,1.0080780260571358,
505,11.342122237275557,1.2928282312032848,6.525450497976515e-05,0.9605967877605635,
506,11.41003715619276,1.4740992601125849,0.001552613134786082,0.9654805729938738,
507,11.33862519099082,1.4655657966996478,0.001191590840831275,0.9914226225511986,
508,11.224398074994902,1.2425408720232969,7.357140389920651e-05,0.989113903926857,
509,11.270418269621223,1.4451605319708265,0.0001185070877136983,0.9989465882736237,
510,11.142528595689278,1.2727799816994279,1.1096762652670895e-06,0.9751087631786444,
511,11.119586860272777,1.4363399488008872,0.0006195736704968105,0.960082963401579,
512,11.104508438582927,1.4081929782831462,0.0015933698107996857,1.0062248471352255,
513,11.002017066401285,1.1973757406099022,3.87487218569255e-05,1.0065703196071154,
514,11.069052749034359,1.5059202605886386,4.3169099739645125e-05,0.9631329550216332,
515,11.057087926195775,1.2711931834765637,0.00135917900543692,0.9836314540171976,
516,11.022170775841822,1.30617758410111,0.00026792929759111503,1.0211511929519022,
517,10.974424682022946,1.4604118065002094,0.00044737296328859535,0.9782418993334822,
518,10.960694109551797,1.3682638280868464,0.0004734149446143242,0.9584391464053232,
519,11.033387092186576,1.3994661330106881,0.0017273045515181563,1.0029593568977286,
520,10.947109020952531,1.347709828535955,8.757793248134067e-06,1.0388114836201452,
521,10.922354377896527,1.6696878790389542,0.0015063312607967985,0.9813291473562683,
522,10.977788922162377,1.7191677078333183,0.0003486007384439428,0.9230671107100338,
523,10.880982345142703,1.1261608894749902,0.005918669454502199,1.0263922400616217,
524,10.866979230671589,1.5072706126827025,0.0006965503354702674,1.058218256766324,
525,10.723522636352333,1.2550349830878094,0.00338936542090964,0.8569305428365219,
526,10.934448235653235,1.1918793090305668,0.020468869573052287,0.8337748377363876,
527,10.943569255172541,1.2065063805383611,0.02763080456956427,1.0304680462055158,
528,10.772136079076809,1.604067263332346,0.0009283018395814456,1.1491313397200709,
529,10.752111703077224,1.915999617045593,0.022240156486703185,1.0472937356744456,
530,10.812598852841942,1.8006914882586744,0.0022366974340443297,0.9147054437802803,
531,10.79152162201497,1.315238967698221,0.007275161320718926,0.8888591351411869,
532,10.73567036856338,1.3985874426137022,0.012352291841564965,1.0063818739083021,
533,10.687056951047365,1.6323542040356553,4.0728314581467606e-05,1.0668399571579488,
534,10.614545911167612,1.2168849205444434,0.004467579872876427,0.9632247012090853,
535,10.778492046480977,1.3894498134743722,0.0013524226011610507,0.9157355311071973,
536,10.755303276768963,1.2214766637946837,0.0071005007177861144,0.9699169119992531,
537,10.61505165845585,1.2294056325395912,0.000904992183660681,1.046372838147802,
538,10.543293680305817,1.3451865778522207,0.002150440117882232,1.0074507026998798,
539,10.534084311244419,1.2667676231577218,5.551297072199609e-05,0.9385885829899605,
540,10.489900470908415,0.9397182549434716,0.003771362139180968,0.9887991949788117,
541,10.467156488348921,1.2646788213204516,0.000125458033122676,1.0180495429260619,
542,10.402574217323583,1.070097911683427,0.00032578599983975,0.9696253042682943,
543,10.439934376001892,1.153693843792282,0.0009226221407937007,0.9676643051527745,
544,10.393814799281374,1.0734406998289194,0.001045597161252888,1.0277807881379937,
545,10.329151688308048,1.2034095499002597,0.00077177218956809,1.0019906317077092,
546,10.330812128302805,1.1509802683244355,3.962614595737204e-06,0.9530564281168497,
547,10.386163549112936,1.099789339894562,0.0022036989411485038,0.980654780550696,
548,10.325253737875352,1.2133482344649154,0.00037423751554173005,1.0343406178447627,
549,10.263855131659414,1.2951571074876553,0.001179278033960036,0.9967610001399216,
550,10.283400360608887,1.340424236357272,1.0491120093587649e-05,0.9369022167619223,
551,10.242050266191875,0.8867574073697728,0.003981330249559437,1.0057078841200224,
552,10.281750958934515,1.0235475002213867,3.257994112760426e-05,1.0404412947260924,
553,10.231537060355251,1.0402181362790706,0.0016354983191226664,0.9666387328448803,
554,10.296179284783376,1.2062069617009938,0.0011129741461952663,0.9242957355424205,
555,10.253942111115684,0.9646659613155174,0.005731135657063134,1.027735272086181,
556,10.163803623166585,0.8940908624972527,0.0007692453176944901,1.0368647056760232,
557,10.236182574662196,1.213467521733134,0.0013590065245798156,0.9691685466589715,
558,10.24182904378905,1.1385531123309842,0.0009505785151200204,0.9523464517118503,
559,10.094194110205809,0.9037398307486675,0.0022708606644510168,1.040464179327172,
560,10.38358579111958,2.128822277334481,0.0016373498086215384,1.0633011476625986,
561,10.378217116259767,2.2219725061380884,0.004007035295402118,1.0051686775772593,
562,10.15330233015072,1.4001668116650692,2.6715227897662558e-05,0.9220753047984613,
563,10.22180108323705,1.1849124792929602,0.006072258122252702,0.9394704587945082,
564,10.241964408519891,1.3389707981844858,0.003663825358547331,1.0248941528934992,
565,10.070678690400035,1.2147302169652676,0.0006197188482849129,1.046793747129911,
566,10.076765994559604,1.452806012521529,0.0021896547704580455,0.9887909303755656,
567,10.03692913951172,1.1275362170325454,0.0001256432418454169,0.9430545043042717,
568,10.19715199840223,1.6284132936661533,0.0032427894800322065,0.9571590857697122,
569,9.981431676543844,1.086796471687487,0.0018353439320868755,1.0389992854604786,
570,10.152771804034103,1.7991250527037488,0.001520944266427897,1.0554469125150807,
571,10.040162179839887,1.5130286976068836,0.0030743601074550144,0.9821900256580502,
572,10.078461863077198,1.4484368087865263,0.00031719518606090853,0.9347686987667938,
573,10.055332611251469,1.2522373252292005,0.004255122660577288,0.9801320041319547,
574,9.916133609892247,1.1162418747406986,0.00039473725981266627,1.04894549811252,
575,9.858317919914906,1.318336799150209,0.0023956617854826905,1.00052550175664,
576,9.756860405233496,0.7758610978255424,2.7615209623162193e-07,0.9123686088846665,
577,9.89302384570623,0.8907253231676856,0.007679260708808545,0.9552091973649938,
578,9.836949748485507,0.8460221249712803,0.0020062160006880814,1.0836663023804025,
579,9.789234041343452,1.0792814941135471,0.007000050154008947,1.0488487866513345,
580,9.811868106233954,1.0858422803482988,0.0023862039573075977,0.9065024838357877,
581,9.840578713229627,0.8560415824232768,0.008741785528877142,0.9088382481466426,
582,9.801445322987664,0.8264105995930998,0.008310465000973112,1.0861664782552145,
583,9.734180901509113,1.1628293211426077,0.007424661974906354,1.1079570976304547,
584,9.690879591995063,1.0682771580268788,0.011654734928791526,0.9556829702099774,
585,9.737428667638607,0.8983092680040246,0.0019639991294097517,0.8940614232704454,
586,9.784475528969999,0.9023113894784872,0.011222982039483737,0.9785469940680097,
587,9.663632362365478,0.8755984500272085,0.00046023146351801045,1.0722572620453719,
588,9.605317404630677,0.8781222659875951,0.005221111918293537,1.0051608609231817,
589,9.678749588183772,1.0181047180820255,2.6634485468423734e-05,0.9316567032819639,
590,9.649071845564155,0.6557920354312332,0.004670806206289521,0.9969060256148923,
591,9.61554037659436,0.8711216135969488,9.572677495702711e-06,1.0357163287847904,
592,9.560883605315196,0.7855052993425566,0.0012756561418632447,0.958682099038775,
593,9.65316721299583,0.8656875323849477,0.0017071689398415984,0.951777547004768,
594,9.619496634290801,0.7869577332228879,0.0023254049728773578,1.032753373491461,
595,9.535973775252728,0.8419132005043255,0.0010727834750711338,1.0283164581068622,
596,9.530089830496081,0.979937802561307,0.0008018217997176838,0.9497542345033201,
597,9.534578238531514,0.693841962726606,0.00252463695034735,0.9690154687678851,
598,9.511438169793687,0.7431915657812067,0.0009600411756739014,1.0481093066222358,
599,9.438694833491304,0.7184804747038619,0.0023145053836722998,1.0015387213337306,
600,9.433046886084595,0.6656471737998039,2.367663342877565e-06,0.9328529387069118,
601,9.483243982119424,0.7681694840486414,0.004508727840297748,0.9752461535780177,
602,9.436241862675622,0.7594038685090372,0.0006127529126830863,1.0591029414078208,
603,9.391381340002207,0.7464136243924476,0.0034931576830562984,1.0061061062533283,
604,9.389843028783714,0.6709815007557924,3.728453357693501e-05,0.9212766301367922,
605,9.488378640829538,0.7602675785154215,0.006197368962619418,0.9597667477873305,
606,9.44528027779323,0.8590830585121632,0.0016187145836082744,1.058182560003592,
607,9.345176461254628,0.7610287067481285,0.0033852102885715716,0.9938962266855417,
608,9.339092124300274,0.7202394104448604,3.7256048674293597e-05,0.9324211387669169,
609,9.35307834699345,0.6465362873124137,0.0045669024855603015,0.9903650661970649,
610,9.346797114206316,0.7402614208652306,9.28319493869418e-05,1.0564811403278367,
611,9.282207369173811,0.7696826264697008,0.0031901192127327797,0.9663109238552114,
612,9.28643919321046,0.6576749926076726,0.0011349538514893612,0.9651160199598489,
613,9.24748661669934,0.6084097427467384,0.0012168920634416632,1.030401204743432,
614,9.23979439706738,0.8560547602862106,0.0009242332498520789,1.0111789959360133,
615,9.199227539309112,0.6381776862842174,0.00012496995013740295,0.9342657171277974,
616,9.287457497953866,0.8255276190447742,0.004320995944722751,0.9509971215878474,
617,9.240671341757848,0.6626258273994969,0.0024012820926762077,1.0610715148679613,
618,9.212353332825314,0.8814597530762642,0.0037297299282676123,1.0608179667263893,
619,9.220781446142661,0.9648864250317182,0.003698825076732194,0.9565722779604358,
620,9.222976013594437,0.7821818567118473,0.001885967041545654,0.9351700840472474,
621,9.266793228272016,0.895358543061307,0.0042029180024409606,0.9929032725409419,
622,9.14782040550865,0.6791964603657495,5.0363540628149153e-05,1.0394900173975075,
623,9.26681123391471,1.2617227589131454,0.0015594614740554419,1.0398007951371564,
624,9.206499767584104,1.0553344658048929,0.0015841032935498924,0.987688659030084,
625,9.156480679183383,0.9906529403310798,0.00015156911647753324,0.9400310595992926,
626,9.174923442476508,1.0397061273054946,0.003596273812783601,0.9583839488588498,
627,9.140122627519315,0.905584314295645,0.001731895712582828,1.0258405188273552,
628,9.079824806435942,0.8516523923611039,0.0006677324132668967,1.0365803987222733,
629,9.093225413867534,0.9242823112874579,0.0013381255706804908,0.9721833146581058,
630,9.081482486314917,0.7858757104492687,0.000773767983409951,0.9508724250574692,
631,9.110405987830806,0.7860146196874573,0.002413518619733984,1.0066854203410665,
632,9.058346820788337,0.7925564774866328,4.4694845136745054e-05,1.0259907999338473,
633,9.057049960018526,0.8479564194280612,0.000675521681201279,0.975597314362705,
634,9.01751071821809,0.6717216019202072,0.0005954910663126424,0.9781432746171436,
635,9.044381093844342,0.7947505626124569,0.00047771644446160076,1.0095028491644102,
636,8.979023009685385,0.6996137310467931,9.030414224153246e-05,0.9883644669031082,
637,9.005930748268307,0.7374614089209508,0.00013538563044886457,0.9828604906755481,
638,8.972307489793511,0.6610600663001334,0.000293762779882972,1.0048912318827155,
639,8.957650065075644,0.7560935649764228,2.392414933049215e-05,0.9923766861527022,
640,8.944119134493397,0.6729121703997459,5.811491401440166e-05,0.9847237605484371,
641,8.925114533764082,0.6411504225976458,0.00023336349178148578,1.004663252575189,
642,8.909485856509598,0.6065829746320471,2.174592458000749e-05,0.9881132257913997,
643,8.91488936114095,0.5650270051135847,0.0001412954010862451,0.9974399468819932,
644,8.893823814825367,0.6370720875347854,6.553871967016224e-06,0.9820147166011644,
645,8.886190992275903,0.5418738994698633,0.0003234704189364332,1.0095820397876158,
646,8.876812335754645,0.6289569739388723,9.181548649145316e-05,0.9720238242375183,
647,8.857916082624739,0.5372519986714502,0.0007826664102932675,1.001549672095892,
648,8.869835499576995,0.6274649682228246,2.4014836047865332e-06,1.0019792203218993,
649,8.842315233863186,0.558952159284461,3.917313082619344e-06,0.9724082365810667,
650,8.874757892832738,0.6366253753808174,0.0007613054085663871,1.008548903170683,
651,8.813012428712474,0.6645271355449673,7.308374542171229e-05,0.9764061646208476,
652,8.809351545564695,0.6181630725581502,0.0005566690678985427,1.025589984848354,
653,8.776423851491012,0.6729789117274552,0.0006548473245389906,0.9553268665778144,
654,8.792102341807805,0.5714254451885945,0.0019956888497563957,1.0176971607812153,
655,8.775207419963467,0.6873300510379784,0.00031318949971618506,0.9952614690532999,
656,8.782449803105305,0.6466550376766222,2.2453675532834264e-05,0.9746325930403277,
657,8.755619137423148,0.5553519108744259,0.0006435053358576318,1.02938619629752,
658,8.739956563435126,0.6745779770152324,0.000863548532836374,0.9671371281600751,
659,8.758609122432581,0.5687697680018857,0.0010799683455673269,1.0034096519911002,
660,8.744250880870423,0.7571407617878307,1.1625726700413664e-05,0.9995070767320694,
661,8.741325970108718,0.6993816320706622,2.4297334806738267e-07,0.9602367106917074,
662,8.751485070175741,0.6427897795020688,0.0015811191766149804,1.0168804486142464,
663,8.743217693371443,0.7426701202907953,0.000284949545418214,1.0041347226277328,
664,8.749223032617046,0.7693798981099218,1.7095931208286006e-05,0.9469046904801705,
665,8.71460382632426,0.6873643010938171,0.002819111893006502,1.0324660288766112,
666,8.69610817678459,0.731815002102527,0.0010540430310169528,1.0253628321425583,
667,8.7207314650394,0.837574406812056,0.0006432732542915884,0.8946155579162911,
668,8.754457757158798,0.7162448240731407,0.011105880633294594,0.9027500953517679,
669,8.72628367536111,0.7986325427673732,0.009457543954090241,1.0742800273133013,
670,8.72967356003237,1.18313722735045,0.0055175224576647875,1.1256606104850766,
671,8.72393500782772,1.2514216497779191,0.015790589027482142,1.0098487116524537,
672,8.772695185129775,1.148296655803596,9.699712121317754e-05,0.9032027123552888,
673,8.777136581632321,0.7598901752845567,0.009369714895372956,0.9287760879836297,
674,8.716212138095065,0.8304756656246224,0.005072845642915665,1.0651090438745694,
675,8.6881828361633,0.9629134026219288,0.004239187594260603,1.0747301262847837,
676,8.688185633629393,0.8823154282512214,0.00558459177453972,0.9329000305211598,
677,8.757640325727788,0.814557627509038,0.00450240590406129,0.8919032272831758,
678,8.72959677543544,0.6999521830905749,0.011684912271792742,0.9964446875367063,
679,8.668463828033508,0.8086506926166884,1.2640246711651221e-05,1.0758512957021291,
680,8.617287772526142,0.7328636447653926,0.005753419059691831,1.0155086486120053,
681,8.672682363311184,0.7953317547109781,0.0002405181817706537,0.9411806341059091,
682,8.665811248323328,0.6422198441676241,0.00345971780418294,0.9642258183525887,
683,8.620551267501904,0.6761558165871294,0.00127979207254198,1.0281445449032698,
684,8.573329924752125,0.6770064335917539,0.0007921154078121693,1.013487351185348,
685,8.585618846617091,0.5737319604981659,0.00018190864199690648,0.9766701474016942,
686,8.549144054037306,0.5624748437333724,0.0005442820222586748,0.995391628801307,
687,8.520857130562659,0.6148492790832871,2.1237085104942706e-05,0.993694329106474,
688,8.505914164116266,0.5889578456145095,3.976148541746049e-05,0.9804763561338337,
689,8.538382031315438,0.6025608286703312,0.00038117266981289454,1.0049302250688956,
690,8.51873087115431,0.6057928228831863,2.4307119229966838e-05,1.0103940823148394,
691,8.465292841422775,0.549696429180612,0.00010803694716765725,0.9677065055478755,
692,8.483534210397188,0.5413246745389603,0.0010428697839293948,0.989010884005261,
693,8.45867348032863,0.5101070955859565,0.00012076067034582746,1.0273680427396021,
694,8.42332253733731,0.4971354355433432,0.0007490097633966893,0.9701368197949094,
695,8.414228732878614,0.4308059958128921,0.000891809531961715,1.0095828714039659,
696,8.420426848853932,0.60194115180467,9.183142434494649e-05,1.0097919690587869,
697,8.385804525075923,0.49095679272962295,9.588265804823953e-05,0.9708964891693026,
698,8.42782634511778,0.5788721820721123,0.0008470143426725208,0.9913937856031487,
699,8.39880601029512,0.5618521969910104,7.406692624457016e-05,1.0158730512324565,
700,8.38747024588676,0.5670532466875844,0.00025195375542818964,0.9769764279242277,
701,8.391096971162137,0.585713589750458,0.0005300848711282831,0.985050623216893,
702,8.343971589109833,0.5132263638616331,0.00022348386620329972,1.0098793861549127,
703,8.336153163438176,0.5495003395127602,9.760227079788042e-05,0.9927777086571918,
704,8.361052635276854,0.5424798799881143,5.216149224040173e-05,0.9953685916045014,
705,8.331298278515126,0.48938195230761994,2.1449943725894748e-05,0.9881176207284301,
706,8.336655064661944,0.5657530549531784,0.00014119093715343346,0.9895825163002235,
707,8.334346575585538,0.5340418232569585,0.00010852396663510833,1.0103581766577303,
708,8.341040480360205,0.6073730923745421,0.00010729182367274908,1.0048141023657975,
709,8.317029659807597,0.5951900044769369,2.3175581588376993e-05,0.9754503549773614,
710,8.324306264773265,0.6338538595904264,0.0006026850707375626,0.9862336683259124,
711,8.306601908728151,0.6594406560513311,0.00018951188776098707,1.013078976670704,
712,8.272884146157608,0.5602228801584523,0.0001710596307528198,0.989732358286249,
713,8.281747017300292,0.5823146523566329,0.00010542446636196064,0.9806341842378931,
714,8.251587409446598,0.46573369463045255,0.00037503482013186964,1.0131072266705745,
715,8.230078064724243,0.5179737123112027,0.0001717993909938198,0.9805769074982849,
716,8.23136784843227,0.4420078675246837,0.0003772565223301831,1.005160778346135,
717,8.218379610613049,0.49298228203285416,2.6633633137935194e-05,0.9875945167875515,
718,8.244386775682475,0.5351458631558617,0.0001538960137343415,1.003996212807982,
719,8.211139609371797,0.45120677721279334,1.596971680667949e-05,0.9799008272030867,
720,8.218228975304807,0.49620295542800114,0.0004039767471201801,0.9988051825383994,
721,8.195604219550276,0.42999118936795755,1.4275887665455824e-06,1.006561325726631,
722,8.197501353270928,0.5210347344978641,4.305099529095034e-05,0.985482918632707,
723,8.18740498347461,0.42940717557889424,0.00021074565142460607,1.0021061018042334,
724,8.160639669531164,0.4479880233009509,4.435664809795305e-06,0.9901589607571845,
725,8.155867631427606,0.4603534066428061,9.684605337863548e-05,1.0034427609454362,
726,8.123619369296682,0.45033356442544037,1.1852602927420502e-05,0.9746030295211807,
727,8.143950422315632,0.48244425881591146,0.0006450061095020181,1.0000714363564365,
728,8.125985103699826,0.47319820259528145,5.103153020918635e-09,0.9984680330796646,
729,8.133132962630548,0.5207053581488128,2.3469226450019747e-06,0.9929553126313384,
730,8.11493905212447,0.48271244131371716,4.962762012218023e-05,1.0021510402075418,
731,8.095292774955476,0.4741599469782445,4.626973974461274e-06,0.9775037861594136,
732,8.106490348838586,0.4650138754791675,0.000506079637161392,1.0116518605532896,
733,8.079095962235897,0.522677652046146,0.0001357658543533061,0.99002859501365,
734,8.046176108336732,0.39638186521832475,9.942891740180491e-05,0.9929541746679864,
735,8.030761227150977,0.368724136303542,4.96436546092444e-05,1.015330439741656,
736,8.052869447635471,0.4461598451340821,0.000235022382672547,0.9749879572915275,
737,8.06438714760571,0.4444964368551649,0.0006256022804504504,1.0170501911432384,
738,8.033098142596247,0.4828501380354828,0.00029070901802096373,0.9789720373782158,
739,8.019800781954965,0.4235793647695935,0.00044217521202315305,1.012188088638929,
740,8.017439658346122,0.545374235499491,0.00014854950467038897,0.9943004961373598,
741,7.9762484926305115,0.41524120264683934,3.248434428025029e-05,0.9909790773695127,
742,7.994944048954351,0.5196402277818463,8.137704510523719e-05,0.9989617935244968,
743,8.005477500365815,0.5710321878434975,1.077872685776847e-06,0.9803601401093289,
744,7.983484003455699,0.41744547572827273,0.0003857240965251904,1.0241830960035976,
745,7.936950714703472,0.4412585529352173,0.0005848221323192174,0.9659724017991717,
746,7.961399507422353,0.4167727092369181,0.0011578774393170164,1.0052398099943338,
747,7.950124348810848,0.44544725200160884,2.7455608776720604e-05,1.0055600695322138,
748,7.9202200368567075,0.3948976200061223,3.091437320305189e-05,0.9555760589816642,
749,7.950354014949975,0.49856390667430495,0.0019734865356005778,0.9933086465925887,
750,7.967741081937515,0.6013459672553076,4.477421042287532e-05,1.0313331535339374,
751,7.938382944368755,0.6034619849804914,0.0009817665103812937,0.9550547118407617,
752,7.91992995540028,0.4814610511570708,0.002020078927716963,0.9912182306784628,
753,7.906517052778061,0.5562699753836633,7.71194724166916e-05,1.0285699041935734,
754,7.878185122525574,0.48817684546815554,0.0008162394256299637,0.9546934174173298,
755,7.884137668905089,0.49773753906875373,0.0020526864253203126,0.9724268545728558,
756,7.877048830581119,0.5549969224242361,0.0007602783487464417,1.0389285672841326,
757,7.846681605905743,0.5720169609297447,0.0015154333507952414,0.9944806377091191,
758,7.854377340227715,0.504626662872194,3.0463360097998084e-05,0.9712741128702649,
759,7.876226263261612,0.5425678025546284,0.0008251765913902816,0.9981035410151888,
760,7.832104639777918,0.5181373682630287,3.5965566810710016e-06,1.0068509386262652,
761,7.866720780816727,0.5964167402433965,4.6935360060852224e-05,0.9993343029854744,
762,7.816000893766395,0.562783781559612,4.431525151482544e-07,0.9720523197255357,
763,7.816175727421061,0.4984853422823718,0.0007810728327236787,1.0073086453072695,
764,7.802140399068012,0.48705283966207635,5.341629622747234e-05,1.02355159323393,
765,7.76322082108737,0.4100350417815211,0.0005546775438565011,0.9546430921671332,
766,7.774930449428141,0.44476909639455703,0.0020572490881591767,1.0066782893632666,
767,7.7313923184194975,0.36733740319843355,4.4599548819520386e-05,1.0064942686701666,
768,7.736749637928909,0.4259506258008998,4.217552556030692e-05,0.97009274128009,
769,7.740919146667579,0.41078266841228994,0.0008944441241396302,1.006842981885994,
770,7.70984787033918,0.38311507044781584,4.682640109204312e-05,0.9882379242943787,
771,7.747989117259013,0.4539486009487739,0.00013834642490476601,1.0049532333007147,
772,7.724177114524882,0.4119596297522622,2.453452013130936e-05,0.9839982206366573,
773,7.719408988247635,0.4182315247100684,0.0002560569427930998,1.0044593090842187,
774,7.701347890933536,0.41158798148240794,1.9885437508595013e-05,1.0027993112709064,
775,7.679294235678388,0.44191617193859534,7.83614359142349e-06,0.9678490506138776,
776,7.690323759415685,0.39519117371442114,0.0010336835464290041,1.0312300099400469,
777,7.678084377287381,0.3860322798657326,0.0009753135208554267,1.0045137317164372,
778,7.668422688900774,0.38777835877143996,2.0373774007971187e-05,0.9416662796821269,
779,7.6754966815055985,0.3872555278707729,0.00340282292612384,1.0111474547166126,
780,7.6692038375962746,0.4681074706809396,0.0001242657466589286,1.0237622889455393,
781,7.657057442590384,0.3747391515272798,0.0005646463759313009,0.9439137993691458,
782,7.673372403696481,0.3744276615127496,0.0031456619012044337,0.9946668785908669,
783,7.654292316171259,0.4523702090917433,2.8442183964553955e-05,1.029362371221591,
784,7.638157036945869,0.48041201189753613,0.0008621488437545101,0.9796313260935325,
785,7.622353546133729,0.4060271430486106,0.00041488287670800837,1.0017925870499278,
786,7.6405651805247095,0.5504212393060037,3.2133683315688394e-06,0.99461956207086,
787,7.627725026434043,0.43322970519060966,2.894911230932836e-05,0.978917589965749,
788,7.708480366863538,0.6109618828238146,0.00044446801285228906,1.0015733443565593,
789,7.700279382743882,0.6531811612115593,2.4754124643170423e-06,1.025441992831754,
790,7.622098443180812,0.5219660474529113,0.0006472949992510203,0.9798879454228928,
791,7.635324853460551,0.5525964708548925,0.0004044947393125381,0.9646702863483916,
792,7.607158052797952,0.4095204638205582,0.0012481886667046463,1.0256100597680893,
793,7.606824295110869,0.4980791644724971,0.000655875161325105,1.0014007603286013,
794,7.5671209769713474,0.3780473851220192,1.9621294981831047e-06,0.954864146017133,
795,7.575085675579673,0.3797082759143528,0.002037245314762692,1.0156382138101439,
796,7.546086587315579,0.4054730375637098,0.0002445537311717739,1.0023207011866968,
797,7.5441342686962845,0.3800036033391849,5.38565399793596e-06,0.982599956472686,
798,7.540811217410443,0.4105364683540361,0.00030276151475241997,0.9963619043546105,
799,7.524472450186963,0.3647045702945961,1.3235739925002243e-05,1.0023780300290426,
800,7.528910808760538,0.4395471791221795,5.65502681902824e-06,0.9975743702369623,
801,7.515197928537079,0.3821984490268552,5.883679747334468e-06,0.9858832977406747,
802,7.51905932698543,0.4364465692104228,0.00019928128267843902,1.0031794026025616,
803,7.49602127159326,0.36121433507665557,1.0108600909175182e-05,0.9909380741449657,
804,7.504767397238427,0.3767039245601019,8.211850020213897e-05,1.0105889597168638,
805,7.488694260906496,0.40772128037508143,0.00011212606788536427,0.9826284015191198,
806,7.476878039140026,0.32862666966306847,0.0003017724337809197,1.016963799450426,
807,7.494544382190924,0.43224117617154134,0.00028777049179427074,1.0078820613465531,
808,7.4892891763112,0.3911568609444629,6.212689107082671e-05,0.9745977372501473,
809,7.481338845944081,0.4184301174262627,0.0006452749528125535,0.9966960357806441,
810,7.457733513834067,0.4484556233815171,1.0916179562783774e-05,1.005494468449399,
811,7.444755805483576,0.3842261268395181,3.018918354144036e-05,0.9882665685484446,
812,7.444773950097954,0.4164200550584575,0.00013767341362834863,0.9962988169966664,
813,7.431784945961815,0.4209031148607941,1.3698755624165176e-05,0.984419587801812,
814,7.40795631416254,0.34837335885742793,0.000242749244265444,1.0121350659994437,
815,7.400479955160632,0.375541574256458,0.0001472598268108544,0.9910849175837824,
816,7.421824927325133,0.4010711634245181,7.947869448795285e-05,1.0000617307262343,
817,7.39508250904765,0.3529812645134763,3.810682561411255e-09,0.986911440449597,
818,7.404168769112292,0.3763530474280753,0.0001713103911044456,1.0129137162734843,
819,7.3914264327397525,0.33553085769362845,0.00016676406799205206,0.9764405851300908,
820,7.384092482546814,0.35070920349434803,0.0005550460290124988,1.011573033497501,
821,7.369360287860573,0.3702015483297596,0.0001339351043342814,0.9860844934025246,
822,7.371321514033392,0.33759815114510583,0.00019364132386438207,1.001277429577137,
823,7.3825102860316125,0.3667328723380544,1.6318263245442765e-06,1.0109802272653812,
824,7.376692149392991,0.3535379822454704,0.00012056539079942006,0.9711954916350296,
825,7.394115985173099,0.38806350390240213,0.0008296997021476494,1.0046536620483422,
826,7.3424178776355715,0.3522353256346872,2.165657046018021e-05,0.9969516240601783,
827,7.338079079617834,0.3466959157271922,9.29259587048357e-06,0.9950520767631583,
828,7.345684516541769,0.3798929086819858,2.448194435767783e-05,1.0129322651040091,
829,7.318173647426068,0.3520196594074845,0.00016724348072037236,0.9612045778337208,
830,7.319729647146471,0.29553086462158096,0.001505084781059826,1.047344051082335,
831,7.306855347567912,0.3020366147836045,0.0022414591728867534,0.9614046931038339,
832,7.3299000827147625,0.3209460466516917,0.0014895977144092451,0.9810048634304791,
833,7.299321483732688,0.32077563142029525,0.00036081521329475014,1.0472306528185018,
834,7.289184820089192,0.36953895522091873,0.0022307345656618527,0.9839219894662893,
835,7.294877682539945,0.33122584081054085,0.0002585024227221128,0.9736035666475317,
836,7.284338410491831,0.33971617191418646,0.0006967716937313024,1.0219120112719637,
837,7.261700538980353,0.3176193754898741,0.00048013623798266595,0.9717698530874279,
838,7.327298869935823,0.4295310976296998,0.0007969411947054032,0.9789841636579795,
839,7.300804847116608,0.4085005715561042,0.00044166537715459097,1.0343602038666717,
840,7.287809420339585,0.44870052151943435,0.0011806236097592418,1.0124871433460247,
841,7.294016198127824,0.48490922755142296,0.00015592874894417,0.9545517937992172,
842,7.305748303471588,0.40378287499143994,0.0020655394468688743,0.9821904582516073,
843,7.28740902269389,0.4257247174143557,0.0003171797772877413,1.054427421585907,
844,7.264372651013034,0.44829484702016176,0.0029623442204900637,1.0182408965633687,
845,7.255356019174674,0.40294315133096625,0.00033273030743551573,0.931507212658957,
846,7.260452997194957,0.2846039446776682,0.004691261917745344,0.9763449663179831,
847,7.247891952277243,0.3266679219679118,0.0005595606184973556,1.0668368205331786,
848,7.227048793973414,0.37002225905986375,0.004467160578984329,1.0254029792556536,
849,7.215346073339042,0.31333893033790405,0.0006453113550631672,0.9186257711328332,
850,7.294755376847312,0.3990582419510892,0.006621765123726048,0.9295684263588985,
851,7.303444116100095,0.451542227542884,0.004960606565561908,1.0355737183433706,
852,7.202229193632505,0.32559159064809995,0.001265489436773465,1.040111362070849,
853,7.212825176068299,0.38144634194068594,0.0016089213671787509,0.9565403786162541,
854,7.233629059490804,0.3288029341660247,0.0018887386908185463,0.9682290278297077,
855,7.218486660705304,0.2855873578618556,0.0010093946726454906,1.0548448982504173,
856,7.19866874583664,0.3388218728593543,0.0030079628640986237,1.021086702676095,
857,7.193464551445037,0.307539527049562,0.00044464902975003314,0.9255513220627001,
858,7.217288727652062,0.2636421965977599,0.005542605646611808,0.966952719369834,
859,7.206651927414619,0.2898454232459211,0.0010921227570489477,1.0876451955217397,
860,7.184794053281049,0.3535538469127696,0.007681680298043974,1.0574823018950819,
861,7.1856785494635975,0.3736069899148368,0.003304215031157331,0.9197933321148393,
862,7.207406156550167,0.28968308397093046,0.0064331095732404735,0.922669627698417,
863,7.212890395257748,0.319141394004372,0.005979986480301438,1.0516937522195344,
864,7.1720389982534725,0.34307663782704767,0.0026722440185346207,1.0661908363105808,
865,7.174002539880185,0.3705818925481882,0.004381226811494096,0.956043426152359,
866,7.181867355432987,0.2691937048844541,0.0019321803844231128,0.9452197057248645,
867,7.186923144751733,0.30543136855971864,0.0030008806408704466,1.0356556616008363,
868,7.143615954394692,0.25878969385343825,0.0012713262041933544,1.0261293117301795,
869,7.139573847970996,0.2748115003256627,0.0006827409314928969,0.9338246911043728,
870,7.178253298580301,0.2890233548671338,0.0043791715074316725,0.9561118090171894,
871,7.16190321315099,0.28283781377264416,0.001926173307743658,1.0695789337463835,
872,7.146380405379578,0.35088005058526506,0.004841228021283619,1.0460180983838336,
873,7.145095977280134,0.34337117002053097,0.002117665378864192,0.9323095774287539,
874,7.150418753667303,0.27311049610060434,0.004581993307873868,0.9520497605818787,
875,7.145637542310598,0.294942646775091,0.00229922546025515,1.0652274020018078,
876,7.125064910577145,0.33811261341478066,0.0042546139719054354,1.0461102312295383,
877,7.131994845153339,0.3558689783028175,0.0021261534240414872,0.9326275307952854,
878,7.149357267889025,0.305774895242342,0.00453904960674022,0.9443456648998015,
879,7.16232200639162,0.37610370930981685,0.003097405015445182,1.0494693320076238,
880,7.108764558766258,0.3317711724505554,0.002447214809280515,1.0422225166483066,
881,7.12372521129772,0.38268875063023206,0.0017827409121165248,0.9412639476538397,
882,7.110923745128687,0.29069636121635195,0.0034499238452108836,0.9489438547669269,
883,7.116865523713184,0.32906831955089483,0.0026067299660606546,1.056874965692431,
884,7.105803010802079,0.3851801523061645,0.0032347617225152035,1.0588811838911754,
885,7.1172680512317905,0.41966949408202586,0.0034669938164264085,0.9528232467379192,
886,7.09562645770639,0.30791455840335824,0.002225646048351253,0.9317628853663739,
887,7.1193887511169045,0.3855036346343562,0.004656303813522634,1.0104145950696428,
888,7.074984299083795,0.32770985216597126,0.0001084637904646285,1.0473179043231864,
889,7.0814873707110495,0.359570865518916,0.002238984069538221,0.9877380135340672,
890,7.0793362976622785,0.33114395925270557,0.00015035631209071903,0.9588088580943124,
891,7.067554962865294,0.30223012660950865,0.001696710171494495,1.0149729248108557,
892,7.067111750205461,0.31904428639625376,0.00022418847739153698,1.021184288909316,
893,7.058009451498496,0.3101781065463697,0.0004487740965933645,0.9682643594521829,
894,7.06228008071844,0.28845919941311193,0.0010071508809802515,0.9830365514719737,
895,7.056980858231986,0.2712943836079484,0.00028775858596299887,1.0343630359699079,
896,7.052439611374936,0.3002433837363053,0.0011808182410691817,1.0036322745378758,
897,7.043907355913379,0.2828464758188874,1.3193418318501189e-05,0.9604539578072,
898,7.053870026328215,0.3123847878828223,0.001563889453114718,0.9922180380505735,
899,7.037257961697173,0.2922502899857978,6.055893178232167e-05,1.0307181537126606,
900,7.04197571162547,0.3296383064595635,0.0009436049675146456,0.9883979648542022,
901,7.024554758640905,0.27337305500255127,0.00013460721952432804,0.9848909935758133,
902,7.024086355293949,0.3091690733299429,0.00022828207512611394,0.994904042480603,
903,7.018748279355385,0.2831704643965589,2.5968783039498357e-05,1.0203751628072122,
904,7.012381853276074,0.3054279374584603,0.00041514725942040284,0.9826484715058327,
905,7.011169842205376,0.22645483475072592,0.00030107554108390054,1.0000654912211706,
906,7.001821718640351,0.25993049927350065,4.2891000504178156e-09,1.0010794490109136,
907,6.993229174191871,0.23831230850316432,1.1652101671623783e-06,0.9915241395963742,
908,6.988031559985799,0.21450929833546928,7.184020958175172e-05,1.0202789929024505,
909,6.988236914518061,0.28757271268736434,0.0004112375531376377,0.9779233125924838,
910,6.990412707430463,0.2610952148461074,0.00048738012688918556,0.9939620129030377,
911,6.974093629829353,0.22730664998430583,3.645728818308382e-05,1.0266994134687328,
912,6.991615273886074,0.3514860111995644,0.0007128586795743523,0.9907339921011314,
913,7.0105313293785185,0.4070760661918892,8.585890238189447e-05,0.9821688361722025,
914,6.998769018222618,0.3114829923286305,0.0003179504034537533,1.0207177248576276,
915,6.986655139367812,0.35190755131239304,0.00042922412327635947,0.9986693565167066,
916,6.97579519440098,0.29321881417444773,1.7706120796311132e-06,0.9762609662194562,
917,6.979367660859536,0.30110273438828394,0.0005635417248337978,1.0048815490869756,
918,6.966409879894978,0.3263238470137121,2.3829521488552104e-05,0.998776113884188,
919,6.956582933382735,0.28748960333980655,1.4978972244774676e-06,0.9905578431036917,
920,6.946118085300832,0.25197855849475786,8.915432685450315e-05,1.0221724936607228,
921,6.943249049782276,0.34603355122733065,0.0004916194751347939,0.9884015103225647,
922,6.94650714805322,0.30620807841207504,0.00013452496279757237,0.9838956267757849,
923,6.9477754163561185,0.2981943647770648,0.0002593508369448161,1.022558644442968,
924,6.940111381369386,0.3272729881138071,0.0005088924391042491,0.9909345894899666,
925,6.938192426058672,0.2864529196343633,8.218166771542404e-05,0.9833252923548292,
926,6.926012851682003,0.2972165954886934,0.0002780458750519162,1.0235438539604786,
927,6.91154131175764,0.3178908183939756,0.0005543130593123459,0.9880725590906103,
928,6.909828218903058,0.27763621553598905,0.00014226384664698267,0.9940816321651628,
929,6.901251626139367,0.2561739773964445,3.502707782843598e-05,1.0064899847990763,
930,6.908722103538131,0.3061378640360702,4.211990269224084e-05,0.9926380441024374,
931,6.913141780838854,0.2987999033410654,5.419839463765691e-05,1.0054802706247865,
932,6.91489238249716,0.34438790307464595,3.003336612089792e-05,0.99313332766893,
933,6.92037295173467,0.3441942470558441,4.715118890228186e-05,0.9945980709112006,
934,6.898064570703957,0.3288855923058772,2.9180837880417546e-05,1.006274153532093,
935,6.877494432435293,0.2970484521859097,3.9365002544274185e-05,0.9812660397009497,
936,6.887926652821247,0.3058563516839251,0.000350961268486392,1.0166552607674557,
937,6.858482565096674,0.2651750177057483,0.00027739771123194956,0.9807549338252719,
938,6.887646400621637,0.31305942036015083,0.0003703725720696636,0.9992839161541541,
939,6.875243743981585,0.3211382413850663,5.127760742814143e-07,0.9908489813702319,
940,6.855689951039414,0.27480521071719743,8.37411419623625e-05,1.001621414709359,
941,6.8676479578407195,0.2925067304483406,2.6289856597255624e-06,0.9983533522311236,
942,6.859326673692447,0.26642487643009477,2.71144887474547e-06,0.9854983748513171,
943,6.8665097336688135,0.26667565473737354,0.00021029713195291284,1.0250156817760965,
944,6.851367968606896,0.30752100936678384,0.0006257843347229254,0.9790127942344227,
945,6.841257827393217,0.2500443785228812,0.00044046280584668243,1.0038494303079186,
946,6.830287530169144,0.24384055613149408,1.4818113695522458e-05,1.00085729068231,
947,6.8323097238434425,0.26267867887936736,7.349473139757302e-07,0.9934683026426436,
948,6.8248791428131685,0.26620677648866886,4.2663070368096185e-05,0.9963421364021929,
949,6.845519498289781,0.3116944503197554,1.3379966100162047e-05,1.0101189439585054,
950,6.819685260235355,0.27166321190080506,0.0001023930268353736,0.9658062917285408,
951,6.830033279786934,0.26767932905090513,0.0011692096853536558,1.0117557959586234,
952,6.809355165393809,0.2356149430927786,0.00013819873862078665,0.984910731279715,
953,6.801759484600951,0.24007229322070084,0.0002276860305129726,0.9988547755011734,
954,6.797160186728046,0.24432277857752888,1.3115391527126175e-06,1.004955192295637,
955,6.800389291757585,0.2598982925911001,2.4553930686740403e-05,0.984500895778974,
956,6.80875705378264,0.2694640854653711,0.00024022223165422475,1.0191066614832855,
957,6.800446230624884,0.27379784195328427,0.00036506451303686745,0.9742319794711688,
958,6.807860600614536,0.2775128391371426,0.0006639908819742663,1.0116515418590417,
959,6.7887604396341,0.24946482345014226,0.00013575842769300125,0.9779078189169447,
960,6.800065620729889,0.2490323022141395,0.0004880644650065077,1.0167436115881814,
961,6.790715681201692,0.23043035766068104,0.0002803485290158819,0.980225431628905,
962,6.7992823087897785,0.24645420424792663,0.0003910335542631122,1.01214426333557,
963,6.774630281324829,0.21718995144409098,0.00014748313196366855,0.9596443081135075,
964,6.779470928313194,0.2056777142802,0.0016285818676375135,1.0265931875294276,
965,6.767980761550476,0.24833423933027163,0.0007071976229753053,0.9994189277194835,
966,6.77428842357752,0.23499104694200212,3.3764499518466315e-07,0.9837097775467865,
967,6.780402115766509,0.27122292342315557,0.00026537134757518264,1.0066048803429961,
968,6.7651906798517665,0.24410187011825796,4.3624444345296426e-05,0.9966424479765169,
969,6.748771160593259,0.22943212094936977,1.1273155590395394e-05,0.9882347009744932,
970,6.770484364260026,0.2980440230342959,0.00013842226115959186,1.0054644566169115,
971,6.765111829718715,0.28305801346288745,2.9860286118108185e-05,0.9773176712985724,
972,6.779288699508142,0.34316571042928357,0.0005144880353196068,1.0064576502770854,
973,6.766828705577451,0.3129767771776892,4.170124710114175e-05,0.9971639678144391,
974,6.775748301110681,0.34947481138208136,8.043078557537583e-06,0.9975177571276235,
975,6.748512985542609,0.28564907235686654,6.161529677464075e-06,1.001474848276314,
976,6.7467189174219495,0.34421422170681903,2.1751774381465414e-06,0.9882918719939284,
977,6.7624240931087645,0.39172241844386263,0.0001370802614065575,1.0068100379636449,
978,6.722798470342587,0.26161605862148796,4.637661706628447e-05,0.9737796823805679,
979,6.735821242996872,0.2902788123997767,0.0006875050560639019,1.0154063030042821,
980,6.7303859543941496,0.32249839697212634,0.0002373541722597529,0.991222743874688,
981,6.722521425406913,0.2793166756498014,7.704022508932692e-05,1.0057942196872987,
982,6.707226950342408,0.2599286374269356,3.357298178467929e-05,0.9871841974150256,
983,6.715205463830232,0.2613061374452264,0.00016424479589703623,1.0203771941851705,
984,6.7149486515643915,0.29471192191187906,0.0004152300428601455,0.9762973312632802,
985,6.714948616458212,0.23641989606964464,0.0005618165052426731,1.015846205634786,
986,6.695541834607458,0.22308582478284988,0.00025110223301992015,0.9756329737337397,
987,6.708931672194072,0.24840460193782882,0.0005937519690606196,1.0175878073515705,
988,6.697250042358548,0.2527888478101198,0.00030933096743595754,0.9783879951005924,
989,6.706455458328932,0.24445309218382,0.0004670787557720191,1.0079840429471243,
990,6.700751091677125,0.22669656343459735,6.374494178152515e-05,0.9793224913704754,
991,6.702208850522333,0.2401031310999938,0.00042755936312406244,1.0161519071506886,
992,6.6833892486086715,0.22112128045101148,0.0002608841046044653,0.9707389883840456,
993,6.694660110036308,0.22839362823844783,0.0008562068007890184,1.0217522363531018,
994,6.68039956835299,0.2239323424779971,0.0004731597863612013,0.9834102894232801,
995,6.686156848113878,0.21778978771480234,0.00027521849701933127,1.014608887188443,
996,6.67243955969056,0.2520148272373862,0.0002134195848846572,0.9691739815725081,
997,6.668470220463027,0.18602363907501515,0.0009502434120920693,1.0353089270308888,
998,6.666306344609154,0.24861875791257898,0.0012467203280726324,1.001491555019788,
999,6.67443019482984,0.2496891070833866,2.224736377054894e-06,0.9715802779997422,
1000,6.681595925813721,0.2544747397627839,0.0008076805985719358,1.014389067860372,
1001,6.667273284666425,0.22695267154499332,1.0972291552324368e-05,1.0033124449508368,
